id,age,team,positions,name,surname,AVG_shp,AVG_PPP,AVG_blocks,AVG_hits,AVG_faceoffWins,gp,goals,assists,points,fanPts,shp,PPP,shots,faceoffWins,blocks,hits
8475798,33,ANA,CLR,Mikael Granlund,Granlund,0.174099459,17.8008658,58.50649351,65.37662338,334.7316017,83,22,44,66,154,0.281839,19,169,359,60,57
8478424,28,ANA,C,Jansen Harkins,Harkins,0.048040822,0,26.11627907,93.90697674,57.27131783,62,2,4,6,14,0.040816,0,49,117,41,136
8477527,31,ANA,L,Ross Johnston,Johnston,0.049789047,0,21.85826772,124.0787402,1.732283465,43,1,3,4,9,0.111111,0,9,0,20,134
8473986,36,ANA,CLR,Alex Killorn,Killorn,0.153876907,7.36123348,26.44493392,69.83259912,7.136563877,82,19,18,37,93,0.141791,3,134,8,23,77
8475184,34,ANA,L,Chris Kreider,Kreider,0.153979672,18.32751092,23.16157205,103.0655022,33.65938865,68,22,8,30,82,0.144737,7,152,27,26,79
8482745,22,ANA,C,Mason McTavish,McTavish,0.123136036,11.56363636,33.76363636,63.67272727,407,76,22,30,52,126,0.122222,12,180,487,31,70
8480068,26,ANA,C,Ryan Poehling,Poehling,0.125860859,1.808080808,77.38383838,48.2979798,357.8535354,68,12,19,31,74,0.169014,3,71,375,79,26
8476458,32,ANA,C,Ryan Strome,Strome,0.090866449,8.251028807,27.07407407,48.1399177,380.9135802,82,10,31,41,92,0.072993,6,137,511,36,52
8478873,28,ANA,R,Troy Terry,Terry,0.116601157,11.9955157,27.4573991,11.97757848,6.816143498,77,21,34,55,131,0.111702,11,188,12,29,7
8478366,31,ANA,CL,Frank Vatrano,Vatrano,0.107122623,11.36885246,74.01639344,137.0778689,10.65983607,81,21,24,45,111,0.089744,5,234,16,69,169
8475462,35,ANA,D,Radko Gudas,Gudas,0.030681425,0,153.0136986,269.0273973,0,81,1,15,16,33,0.011236,0,89,0,178,261
8481605,24,ANA,D,Jackson LaCombe,LaCombe,0.070389824,5.52027027,127.3783784,58.96621622,0,75,14,29,43,100,0.104478,9,134,0,129,69
8476885,31,ANA,D,Jacob Trouba,Trouba,0.026692066,2.100877193,196.1184211,191.5921053,0,77,1,13,14,29,0.015385,0,111,0,208,164
8478042,32,BOS,LR,Viktor Arvidsson,Arvidsson,0.104765333,13.67901235,34.32716049,26.00617284,20.19753086,67,15,12,27,69,0.094937,3,158,17,23,32
8479591,29,BOS,CL,Michael Eyssimont,Eyssimont,0.10917558,1.528301887,25.03773585,118.4056604,7.528301887,77,9,7,16,41,0.141929,0,142,6,23,110
8479987,27,BOS,CLR,Morgan Geekie,Geekie,0.155608572,7.540540541,37.43243243,101.527027,252.2837838,77,33,24,57,147,0.22,9,150,174,29,110
8479661,28,BOS,LR,Tanner Jeannot,Jeannot,0.116506141,0.555555556,43.81818182,241.3232323,12.93434343,67,7,6,13,33,0.125,0,56,8,37,211
8480355,26,BOS,CR,Mark Kastelic,Kastelic,0.084841672,0,35.64550265,165.3227513,243.1164021,61,5,9,14,33,0.074627,0,67,199,39,218
8476374,32,BOS,C,Sean Kuraly,Kuraly,0.090540167,0.330232558,42.15813953,168.9069767,386.2,82,6,11,17,40,0.068182,0,88,316,45,163
8477496,31,BOS,C,Elias Lindholm,Lindholm,0.145571177,15.72995781,63.51476793,100.6877637,790.1814346,82,17,30,47,111,0.111842,14,152,759,79,114
8479999,27,BOS,C,Casey Mittelstadt,Mittelstadt,0.238042309,12.69547325,26.60493827,28.68312757,435.8806584,81,15,25,40,95,0.308059,13,105,443,33,30
8477956,29,BOS,R,David Pastrnak,Pastrnak,0.135903333,31.66666667,25.33333333,73,6.333333333,82,43,63,106,255,0.134796,23,319,3,24,58
8478401,28,BOS,CL,Pavel Zacha,Zacha,0.135990033,9.917355372,26.88429752,78.21487603,367.1239669,82,14,33,47,108,0.106061,7,132,393,26,63
8480035,26,BOS,D,Henri Jokiharju,Jokiharju,0.046454928,0,74.7628866,70.04123711,0,60,3,7,10,23,0.068182,0,59,0,53,50
8479325,28,BOS,D,Charlie McAvoy,McAvoy,0.077041168,12.7486911,128.7591623,113.9790576,0,50,7,16,23,53,0.071429,4,98,0,81,89
8479369,27,BOS,D,Andrew Peeke,Peeke,0.040550031,0,145.8762887,132.5979381,0,76,1,16,17,35,0.0125,0,80,0,126,105
8477507,30,BOS,D,Nikita Zadorov,Zadorov,0.0867655,0.344537815,83.68487395,190.2605042,0,81,4,18,22,48,0.038095,0,105,0,107,219
8479941,32,BUF,R,Justin Danforth,Danforth,0.11084242,0.442028986,45.36956522,112.0797101,233.7246377,61,9,12,21,51,0.095745,1,94,327,49,126
8481522,24,BUF,C,Peyton Krebs,Krebs,0.097820468,1.289361702,25.15744681,112.9276596,288.0851064,81,10,18,28,66,0.125,1,80,326,32,136
8479359,27,BUF,L,Beck Malenstyn,Malenstyn,0.064952608,0,74.4939759,206.8855422,19.97590361,76,4,6,10,24,0.059701,0,67,19,63,191
8480802,26,BUF,C,Ryan McLeod,McLeod,0.154364166,1.101382488,30.68663594,40.95852535,441.2488479,79,20,33,53,126,0.206186,2,97,630,35,17
8480064,26,BUF,C,Josh Norris,Norris,0.420509298,10.66666667,36.66666667,104.5263158,349.0526316,56,21,14,35,91,0.712766,11,96,413,47,135
8482097,24,BUF,R,Jack Quinn,Quinn,0.123278278,8.482954545,19.60795455,39.47727273,5.568181818,74,15,24,39,93,0.121951,13,123,1,23,39
8479420,28,BUF,CR,Tage Thompson,Thompson,0.153845289,22.24,28.63555556,67.64,340.3911111,76,44,28,72,188,0.181818,16,242,301,31,70
8477949,29,BUF,R,Alex Tuch,Tuch,0.155303563,13.88311688,81.47186147,66.58874459,51.22077922,82,36,31,67,170,0.183673,11,196,77,113,73
8475722,33,BUF,L,Jason Zucker,Zucker,0.158553559,13.29545455,23.22727273,123.1454545,19.43181818,73,21,32,53,127,0.146853,21,143,42,22,68
8480196,28,BUF,D,Jacob Bryson,Bryson,0.032064301,0,55.65734266,23.34265734,0,48,0,7,7,14,0,0,20,0,51,15
8481524,24,BUF,D,Bowen Byram,Byram,0.16378833,2.482233503,98.33502538,83.53299492,0,82,7,31,38,83,0.074468,2,94,0,116,75
8480839,25,BUF,D,Rasmus Dahlin,Dahlin,0.081180379,24.34913793,128.9827586,135.1637931,0,73,17,51,68,153,0.085,21,200,0,98,101
8480891,25,BUF,D,Michael Kesselring,Kesselring,0.051942173,1.576923077,60.20512821,90.58974359,0,82,7,22,29,65,0.046667,3,150,0,67,87
8482671,23,BUF,D,Owen Power,Power,0.045433534,6.675213675,103.1837607,32.50854701,0,79,7,33,40,87,0.05036,6,139,0,109,26
8480807,25,BUF,D,Mattias Samuelsson,Samuelsson,0.04524312,0.392405063,90.74683544,105.9556962,0,62,4,10,14,32,0.076923,1,52,0,93,105
8479982,27,BUF,D,Conor Timmins,Timmins,0.090162467,1.316666667,60.88333333,43.425,0,68,3,12,15,33,0.094772,0,69,0,90,55
8478427,28,CAR,C,Sebastian Aho,Aho,0.157125168,23.43965517,23.05603448,55.30172414,589.3965517,79,29,45,74,177,0.140097,23,207,663,30,59
8477478,31,CAR,L,William Carrier,Carrier,0.10707637,0,17.1884058,128.0144928,4.253623188,43,4,7,11,26,0.083333,0,48,6,12,156
8477940,29,CAR,LR,Nikolaj Ehlers,Ehlers,0.114318449,13.42857143,30.22959184,34.19387755,3.663265306,69,24,39,63,150,0.137931,22,174,5,33,38
8475791,34,CAR,L,Taylor Hall,Hall,0.183346595,8.047297297,35.65540541,37.27027027,24.42567568,77,18,24,42,102,0.254917,9,144,43,42,43
8476873,31,CAR,C,Mark Jankowski,Jankowski,0.274630042,0.225352113,27.76056338,29.05633803,178.2676056,60,12,5,17,46,0.469841,0,66,219,34,27
8482093,23,CAR,CLR,Seth Jarvis,Jarvis,0.138887758,14.47881356,50.30084746,93.60169492,73.09745763,73,32,35,67,166,0.156863,19,204,52,51,93
8479370,27,NSH,C,Tyson Jost,Jost,0.077651281,0,24.80392157,52.39869281,119.9084967,39,4,5,9,22,0.090909,0,44,57,17,46
8480829,25,CAR,C,Jesperi Kotkaniemi,Kotkaniemi,0.112917423,4.761506276,27.25104603,76.07531381,353.3598326,78,12,21,33,78,0.104348,1,115,367,28,66
8476921,33,CAR,L,Jordan Martinook,Martinook,0.102540885,0,39.51440329,75.22633745,38.3744856,79,15,21,36,87,0.133929,0,112,35,52,84
8480762,30,CAR,L,Eric Robinson,Robinson,0.130759428,0,20.56218905,116.5771144,4.631840796,82,14,18,32,78,0.127273,0,110,7,16,123
8473533,37,CAR,C,Jordan Staal,Staal,0.113224839,0.338983051,40.94915254,145.190678,782.7161017,75,13,23,36,85,0.121495,0,107,724,43,138
8480830,25,CAR,LR,Andrei Svechnikov,Svechnikov,0.117770092,17.04102564,20.35897436,143.5589744,2.892307692,72,20,28,48,116,0.111111,18,180,1,22,148
8478970,29,CAR,D,Jalen Chatfield,Chatfield,0.071105555,0,64.28820961,66.88209607,0,79,7,11,18,43,0.061404,0,114,0,64,64
8476906,32,CAR,D,Shayne Gostisbehere,Gostisbehere,0.097302951,23.73451327,76.85840708,38.35840708,0,70,7,38,45,97,0.057377,27,122,0,66,41
8480817,25,CAR,D,K'Andre Miller,Miller,0.075827202,1.995708155,110.7081545,139.7253219,0,74,7,20,27,61,0.063636,2,110,0,110,107
8476958,31,CAR,D,Jaccob Slavin,Slavin,0.049127405,0,119.9493671,37.43037975,0,80,6,21,27,60,0.054545,0,110,0,136,21
8480336,31,CAR,D,Sean Walker,Walker,0.074860176,0.64806867,107.0686695,96.18025751,0,82,5,11,16,37,0.034722,0,144,0,90,91
8475745,33,CBJ,CR,Charlie Coyle,Coyle,0.178681911,6.004048583,61.33198381,102.3562753,556.5910931,83,17,18,35,87,0.25,7,115,374,61,108
8477392,30,CBJ,R,Hudson Fasching,Fasching,0.102987584,0.357664234,23.38686131,38.02189781,1.671532847,43,2,2,4,10,0.039216,0,51,2,17,28
8482660,23,CBJ,CLR,Kent Johnson,Johnson,0.144785926,10.41269841,26.52910053,9.571428571,18.91534392,68,24,33,57,138,0.195122,15,123,0,29,3
8480806,26,CBJ,C,Isac Lundestrom,Lundestrom,0.082720505,0.672043011,49.66129032,39.55913978,323.5698925,79,4,11,15,34,0.066667,1,60,442,68,48
8480893,25,CBJ,R,Kirill Marchenko,Marchenko,0.141593588,13.8287037,38.63425926,49.26388889,16.60185185,79,31,43,74,179,0.149758,19,207,13,38,55
8477497,31,CBJ,C,Sean Monahan,Monahan,0.229768006,16.04320988,35.11111111,26.40123457,590.2654321,54,19,38,57,133,0.148438,14,128,616,34,30
8479671,28,CBJ,R,Mathieu Olivier,Olivier,0.111912832,0,61.04950495,225.950495,7.405940594,82,18,14,32,82,0.162162,0,111,14,80,306
8482451,24,CBJ,L,Mikael Pyyhtia,Pyyhtia,0.089015152,0.03030303,32.98484848,20.12121212,1.681818182,47,4,3,7,18,0.125,0,32,2,39,25
8482705,22,CBJ,CR,Cole Sillinger,Sillinger,0.067962459,2.256038647,50.1352657,100.3236715,358.2705314,66,11,22,33,77,0.085271,3,129,300,36,74
8477425,30,CBJ,L,Miles Wood,Wood,0.066154176,1.219251337,24.54010695,92.48128342,6.144385027,37,4,4,8,20,0.066667,0,60,3,15,48
8481161,26,CBJ,D,Jake Christiansen,Christiansen,0.011272962,0.230769231,49.53846154,38.46153846,0,68,1,7,8,17,0.017241,0,58,0,65,50
8479371,27,CBJ,D,Dante Fabbro,Fabbro,0.057203892,0.389162562,122.3793103,78.83251232,0,68,9,17,26,61,0.109756,0,89,0,143,67
8478500,28,CBJ,D,Ivan Provorov,Provorov,0.056301,4,148,63.66666667,0,82,7,26,33,73,0.07,3,100,0,127,28
8476923,31,CBJ,D,Damon Severson,Severson,0.078103018,2.408256881,101.6330275,43.98623853,0,70,6,19,25,56,0.065934,0,91,0,104,43
8478460,28,CBJ,D,Zach Werenski,Werenski,0.067163012,17.62804878,122.0914634,19.59756098,0,81,23,59,82,187,0.077181,25,298,0,131,19
8474150,36,CGY,C,Mikael Backlund,Backlund,0.076632158,7.025,38.01666667,70.04166667,729.3083333,76,15,17,32,79,0.085714,6,175,703,51,41
8476399,34,CGY,CLR,Blake Coleman,Coleman,0.109267083,2.661157025,53.95041322,137.1487603,29.6446281,82,15,24,39,93,0.07732,5,194,38,66,176
8482679,23,CGY,R,Matt Coronato,Coronato,0.107368366,11.99107143,27.5625,26.88392857,48.26785714,77,24,23,47,118,0.133333,17,180,68,37,36
8480797,25,CGY,LR,Joel Farabee,Farabee,0.120870669,4.334693878,48.32653061,76.59591837,21.34693878,81,11,14,25,61,0.1385,4,151,18,50,94
8480028,26,CGY,C,Morgan Frost,Frost,0.13440424,10.30472103,56.04291845,70.9055794,459.4935622,81,14,23,37,88,0.179631,15,144,529,60,69
8476456,32,CGY,CL,Jonathan Huberdeau,Huberdeau,0.128736743,19.03319502,42.7966805,58.2780083,11.04979253,81,28,34,62,152,0.183007,23,153,13,64,50
8475172,35,CGY,C,Nazem Kadri,Kadri,0.106676333,21,28.33333333,70.33333333,618.6666667,82,35,32,67,169,0.125448,22,279,677,30,55
8479066,31,CGY,L,Ryan Lomberg,Lomberg,0.069596367,0.316455696,21.3628692,148.7046414,8.459915612,80,3,10,13,29,0.045455,0,66,5,19,120
8481068,27,CGY,CLR,Yegor Sharangovich,Sharangovich,0.136257443,8.6,38.89565217,16.25217391,102.2347826,73,17,15,32,81,0.132813,8,128,146,31,14
8478397,29,CGY,D,Rasmus Andersson,Andersson,0.064482248,12.65546218,172.8067227,42.61344538,0,81,11,20,31,73,0.067485,9,163,0,196,36
8480860,25,CGY,D,Kevin Bahl,Bahl,0.03595634,0.370558376,93.95939086,116.8883249,0,73,3,17,20,43,0.036585,1,82,0,116,109
8479402,27,CGY,D,Jake Bean,Bean,0.043115467,0.093333333,73.10666667,24.04,0,64,2,5,7,16,0.028169,0,71,0,43,22
8477810,34,CGY,D,Joel Hanley,Hanley,0.070444636,0,61.75206612,45.90909091,0,53,2,7,9,20,0.047619,0,42,0,90,55
8482624,28,CGY,D,Daniil Miromanov,Miromanov,0.058110415,1.097560976,41.68292683,13.43902439,0,44,2,7,9,20,0.038462,0,52,0,55,19
8481167,26,CGY,D,Brayden Pachal,Pachal,0.058721176,0,72.26470588,138.6323529,0,76,3,9,12,27,0.04918,0,61,0,83,159
8477346,31,CGY,D,MacKenzie Weegar,Weegar,0.0550465,13.00819672,169.7909836,200.6352459,0,81,8,39,47,102,0.043478,21,184,0,192,223
8477479,30,CHI,LR,Tyler Bertuzzi,Bertuzzi,0.153619038,12.35849057,32.62264151,72.9245283,10.96226415,82,23,23,46,115,0.175573,20,131,22,28,60
8477444,30,CHI,L,Andre Burakovsky,Burakovsky,0.094150034,9.937853107,20.07909605,23.03389831,2.169491525,79,10,27,37,84,0.086957,8,115,3,27,33
8477450,30,CHI,C,Jason Dickinson,Dickinson,0.127170374,1.105022831,70.10502283,120.5388128,484.5068493,59,7,9,16,39,0.125,0,56,453,53,102
8477987,29,CHI,CLR,Ryan Donato,Donato,0.122514498,6.532751092,18.18340611,93.14847162,134.349345,80,31,31,62,155,0.17033,14,182,234,18,104
8473422,38,CHI,CL,Nick Foligno,Foligno,0.133571368,8.471698113,34.33018868,182.2075472,216.3679245,78,15,20,35,85,0.144231,4,104,341,34,200
8478043,30,CHI,CR,Sam Lafferty,Lafferty,0.161573411,0,27.74162679,139.9904306,162.4401914,60,4,3,7,18,0.08,0,50,79,16,89
8481624,31,CHI,R,Ilya Mikheyev,Mikheyev,0.117658833,0.676470588,16.68627451,35,3.901960784,80,20,14,34,88,0.144928,0,138,1,15,34
8482117,23,CHI,L,Lukas Reichel,Reichel,0.097975766,2.14556962,25.3164557,22.75949367,99.01898734,70,8,14,22,52,0.111111,2,72,142,29,24
8476882,31,CHI,LR,Teuvo Teravainen,Teravainen,0.133309602,17.73451327,24.68141593,19.69026549,53.89380531,82,15,43,58,131,0.135135,24,111,60,29,27
8482176,23,CHI,D,Wyatt Kaiser,Kaiser,0.035250429,0,70.03061224,39.05102041,0,57,4,4,8,20,0.060606,0,66,0,93,54
8476473,32,CHI,D,Connor Murphy,Murphy,0.051604412,0,148.8556701,136.556701,0,68,2,17,19,40,0.02381,0,84,0,160,117
8481568,24,CHI,D,Alex Vlasic,Vlasic,0.032471427,6.926829268,147.4146341,55.63414634,0,82,4,26,30,64,0.038835,12,103,0,157,59
8479525,29,COL,CL,Ross Colton,Colton,0.115286554,7.009009009,38.33333333,159.2477477,201.8243243,61,16,13,29,74,0.128,7,125,39,42,145
8480835,25,COL,C,Jack Drury,Drury,0.115192804,3.804347826,36.94565217,32.15217391,330.0869565,72,8,10,18,44,0.201515,2,93,431,50,45
8480448,26,COL,CL,Parker Kelly,Kelly,0.069017093,0,58.11627907,167.5348837,117.744186,80,8,11,19,46,0.080808,0,99,302,72,161
8481641,29,COL,L,Joel Kiviranta,Kiviranta,0.122613971,0,29.94146341,105.1902439,10.43414634,79,16,7,23,62,0.190476,0,84,23,38,114
8477476,30,COL,LR,Artturi Lehkonen,Lehkonen,0.160326449,12.16292135,35.12921348,58.61797753,6.426966292,69,27,18,45,117,0.182432,5,148,7,39,33
8477492,30,COL,C,Nathan MacKinnon,MacKinnon,0.113678733,40.31034483,56.37931034,48.59913793,630.8060345,79,32,84,116,264,0.1,38,320,756,58,38
8480039,26,COL,R,Martin Necas,Necas,0.165886097,25.44537815,24.89915966,65.1302521,96.90756303,79,27,56,83,193,0.277395,37,194,51,23,62
8475754,34,COL,C,Brock Nelson,Nelson,0.204138049,14.39344262,44.3442623,41.04918033,490.8688525,80,26,30,56,138,0.317005,7,193,630,43,35
8477501,30,COL,LR,Valeri Nichushkin,Nichushkin,0.15283122,15.50666667,27.73333333,61.48666667,1.58,43,21,13,34,89,0.177966,8,118,3,21,55
8478109,30,COL,LR,Victor Olofsson,Olofsson,0.143730912,8.247252747,14.82967033,20.75824176,0.71978022,56,15,14,29,73,0.137615,8,109,1,19,26
8470613,40,COL,D,Brent Burns,Burns,0.053041667,15.33333333,90.33333333,30.66666667,0.333333333,82,6,23,29,64,0.034483,3,174,0,98,11
8479398,27,COL,D,Samuel Girard,Girard,0.041162745,3.557692308,109.4230769,67.79807692,0,73,3,21,24,51,0.031579,1,95,0,111,62
8480069,27,COL,D,Cale Makar,Makar,0.103924115,35.03686636,121.2718894,49.90322581,0,80,30,62,92,214,0.121951,35,246,0,128,51
8476312,34,COL,D,Josh Manson,Manson,0.046348715,0.317880795,80.94701987,151.0198675,0,48,1,14,15,31,0.015385,1,65,0,59,105
8478038,31,COL,D,Devon Toews,Toews,0.063402891,5.033613445,117.1764706,69.52941176,0,76,10,34,44,98,0.072464,3,138,0,103,40
8479414,28,DAL,R,Nathan Bastian,Bastian,0.091421404,0.378205128,30.03205128,128.9807692,10.90384615,59,4,6,10,24,0.090909,1,44,8,27,138
8473994,36,DAL,CL,Jamie Benn,Benn,0.139974861,20.75409836,44.32786885,106.942623,418.3278689,80,16,33,49,114,0.117647,10,136,296,45,114
8476278,32,DAL,C,Colin Blackwell,Blackwell,0.074999988,0.66875,20.7375,61.68125,74.21875,63,6,11,17,40,0.095238,1,63,151,23,84
8475168,34,DAL,CR,Matt Duchene,Duchene,0.159269047,18.95708155,33.6223176,28.73390558,320.2017167,82,30,52,82,194,0.197368,27,152,440,21,29
8476889,31,DAL,C,Radek Faksa,Faksa,0.100301502,0,54.20888889,99.72,338.7155556,70,5,10,15,35,0.073529,0,68,432,50,115
8478449,29,DAL,C,Roope Hintz,Hintz,0.179764852,19.96943231,42.88646288,45.14847162,342.4672489,76,28,39,67,162,0.175,20,160,458,46,53
8482740,22,DAL,CR,Wyatt Johnston,Johnston,0.153838,14,40,39.66666667,309.3333333,82,33,38,71,175,0.163366,25,202,465,47,45
8478420,29,DAL,LR,Mikko Rantanen,Rantanen,0.235669664,34.28688525,44.63114754,59.3852459,210.1393443,82,32,56,88,208,0.37032,26,212,135,44,48
8480027,26,DAL,LR,Jason Robertson,Robertson,0.146127667,29.33333333,31.66666667,64.66666667,2.333333333,82,35,45,80,195,0.165877,19,211,7,45,60
8479351,27,DAL,C,Sam Steel,Steel,0.095163104,0.882352941,24.85520362,55.18552036,199.8371041,79,6,19,25,56,0.067416,0,89,214,26,60
8481581,24,DAL,D,Thomas Harley,Harley,0.095260239,11.5398773,118.3619632,48.3006135,0,78,16,34,50,116,0.093567,15,171,0,110,33
8480036,26,DAL,D,Miro Heiskanen,Heiskanen,0.05238859,22.635,93.605,43.13,0,50,5,20,25,55,0.046296,7,108,0,85,17
8476902,31,DAL,D,Esa Lindell,Lindell,0.054475951,0.327868852,159.5819672,70.5,0,80,5,21,26,57,0.050505,1,99,0,170,50
8480878,25,DAL,D,Nils Lundkvist,Lundkvist,0.034469766,1.886075949,48.02531646,40.71518987,0,39,0,5,5,10,0,0,52,0,34,23
8480950,31,DAL,D,Ilya Lyubushkin,Lyubushkin,0.022007568,0,136.8648649,119.2612613,0,80,1,13,14,29,0.019608,0,51,0,136,84
8478891,29,DET,CR,Mason Appleton,Appleton,0.09759118,1.422680412,31.53608247,82.55154639,7.886597938,71,10,12,22,54,0.093458,1,107,10,29,76
8481013,25,DET,R,Jonatan Berggren,Berggren,0.144134227,6.350649351,20.51948052,28.82467532,3.74025974,75,12,12,24,60,0.136364,5,88,5,16,41
8477456,30,DET,C,J.T. Compher,Compher,0.132463413,11.07234043,68.64255319,39,583.8425532,76,11,21,32,75,0.112245,9,98,457,64,29
8477429,31,DET,CL,Andrew Copp,Copp,0.109711143,3.239631336,44.60368664,26.42857143,521.6866359,56,10,13,23,56,0.147059,1,68,318,35,9
8479337,28,DET,LR,Alex DeBrincat,DeBrincat,0.125474,26,37,69,17.33333333,82,39,31,70,179,0.159836,29,244,26,38,33
8474141,37,DET,R,Patrick Kane,Kane,0.153699379,22.78974359,18.93846154,15.47179487,2.220512821,72,21,38,59,139,0.12,29,175,5,23,19
8477946,29,DET,C,Dylan Larkin,Larkin,0.135471643,28.09565217,31.20869565,45.04347826,778.5652174,82,30,40,70,170,0.128205,27,234,871,33,44
8479992,26,DET,CL,Michael Rasmussen,Rasmussen,0.118137683,1.75,62.16826923,128.9471154,109.2548077,77,11,10,21,53,0.111111,4,99,91,59,141
8482078,23,DET,R,Lucas Raymond,Raymond,0.153421941,24.16806723,27.23529412,51.61344538,3.277310924,82,27,53,80,187,0.140625,37,192,1,34,42
8474037,36,DET,L,James van Riemsdyk,van Riemsdyk,0.123231232,6.098522167,19.30049261,28.14285714,7.699507389,71,16,20,36,88,0.188235,2,85,6,16,31
8480879,25,DET,D,Jacob Bernard-Docker,Bernard-Docker,0.08188116,0,104.9236641,46.57251908,0,40,2,6,8,18,0.126985,0,32,0,50,30
8475279,34,DET,D,Ben Chiarot,Chiarot,0.042842607,0.346153846,157.0470085,145.3418803,0,81,4,9,13,30,0.036697,1,109,0,142,127
8482762,22,DET,D,Simon Edvinsson,Edvinsson,0.108539592,0,113.631068,70.12621359,0,78,7,24,31,69,0.081395,0,86,0,144,86
8476979,33,DET,D,Erik Gustafsson,Gustafsson,0.053361922,10.69902913,58.57281553,49.06796117,0,60,2,16,18,38,0.029851,9,67,0,44,28
8474612,35,DET,D,Travis Hamonic,Hamonic,0.033232423,0.412087912,108.532967,82.82417582,0,59,1,6,7,15,0.013889,0,72,0,92,73
8475718,33,DET,D,Justin Holl,Holl,0.032605131,0,95.79057592,88.36125654,0,73,2,6,8,18,0.04878,0,41,0,78,35
8481542,24,DET,D,Moritz Seider,Seider,0.050588,18.66666667,194.3333333,210,0,82,8,38,46,100,0.049383,24,162,0,181,212
8477934,30,EDM,CL,Leon Draisaitl,Draisaitl,0.204868866,45.09482759,31.13362069,50.04741379,765.5862069,71,52,54,106,264,0.216667,33,240,650,27,23
8479365,27,EDM,CLR,Trent Frederic,Frederic,0.13377584,1.543378995,40.1369863,155.8401826,82.71232877,58,8,7,15,38,0.105263,3,78,93,29,157
8474641,35,EDM,C,Adam Henrique,Henrique,0.22196612,8.56,71.70222222,64.67555556,506.8444444,81,12,15,27,66,0.115385,6,104,562,85,58
8475786,33,EDM,LR,Zach Hyman,Hyman,0.149080207,19.52586207,26.78017241,74.78448276,5.086206897,73,27,17,44,115,0.128571,12,210,2,24,59
8477406,33,EDM,C,Mattias Janmark,Janmark,0.072490613,0,27.02764977,40.34101382,54.13824885,80,2,16,18,38,0.039216,0,51,97,35,45
8477953,29,EDM,R,Kasperi Kapanen,Kapanen,0.167649204,1.922330097,20.52912621,83.01941748,26.90291262,67,6,8,14,34,0.181818,0,66,39,14,88
8477508,30,EDM,C,Curtis Lazar,Lazar,0.077345482,0,47.36309524,146.4702381,174.6309524,48,2,3,5,12,0.074074,0,27,205,17,107
8478233,29,EDM,LR,Andrew Mangiapane,Mangiapane,0.118498874,3.68487395,29.56722689,82.86134454,5,81,14,14,28,70,0.147368,4,95,5,30,74
8478402,28,EDM,C,Connor McDavid,McDavid,0.146862111,49.96888889,33.11111111,84.20444444,450.8088889,67,26,74,100,226,0.132653,31,196,370,18,40
8476454,32,EDM,CL,Ryan Nugent-Hopkins,Nugent-Hopkins,0.135315075,33.275,35.48333333,45.51666667,271.65,78,20,29,49,118,0.121951,20,164,270,48,26
8481617,24,EDM,LR,Vasily Podkolzin,Podkolzin,0.068280207,0,35.62857143,147.5714286,10.55714286,82,8,16,24,56,0.070175,0,114,14,53,211
8480803,26,EDM,D,Evan Bouchard,Bouchard,0.064152857,24.6244898,96.63265306,65.64489796,0,82,14,53,67,148,0.059574,26,235,0,108,31
8475218,35,EDM,D,Mattias Ekholm,Ekholm,0.097326874,4.522522523,97.45045045,92.66666667,0,65,9,24,33,75,0.062937,7,143,0,95,42
8476967,31,EDM,D,Brett Kulak,Kulak,0.036694333,0.333333333,104,70,0,82,7,18,25,57,0.051852,0,135,0,118,28
8477498,30,EDM,D,Darnell Nurse,Nurse,0.04746331,2.673640167,157.8075314,158.2259414,0,76,5,28,33,71,0.026596,2,188,0,136,161
8479442,31,EDM,D,Troy Stecher,Stecher,0.070378821,0,79.43283582,57.97014925,0,66,3,4,7,17,0.054545,0,55,0,66,35
8478013,29,EDM,D,Jake Walman,Walman,0.082914534,4.701570681,139.0628272,48.7539267,0,65,7,33,40,87,0.073641,8,164,0,145,57
8477493,30,FLA,C,Aleksander Barkov,Barkov,0.121211514,29.00480769,50.63461538,81.52403846,646.9134615,67,20,51,71,162,0.134228,28,149,580,54,87
8477935,29,FLA,C,Sam Bennett,Bennett,0.101811447,10.72596154,41.30769231,156.1346154,422.5240385,76,25,26,51,127,0.103734,11,241,450,45,145
8480003,27,FLA,C,Jesper Boqvist,Boqvist,0.137106703,0,21.59487179,111.4615385,64.38461538,78,12,11,23,58,0.137931,0,87,71,27,191
8479981,27,FLA,L,Jonah Gadjovich,Gadjovich,0.085154224,0,13.81896552,101.3103448,1.387931034,42,4,0,4,12,0.093023,0,43,3,21,127
8478421,29,FLA,L,A.J. Greer,Greer,0.082004388,0.293532338,26.72139303,149.4676617,8.228855721,81,6,11,17,40,0.069767,0,86,16,30,222
8479316,28,FLA,CLR,Luke Kunin,Kunin,0.10928665,2.781420765,61.37704918,156.7377049,169.2131148,75,11,7,18,47,0.115789,0,112,187,77,187
8482113,24,FLA,C,Anton Lundell,Lundell,0.088571957,5.343478261,42.26956522,68.01304348,435.0043478,79,17,28,45,107,0.107595,6,158,542,54,110
8480185,27,FLA,L,Eetu Luostarinen,Luostarinen,0.111087443,2.680327869,55.63114754,125.1967213,101.8934426,80,9,15,24,57,0.103448,1,87,33,60,183
8473419,37,FLA,L,Brad Marchand,Marchand,0.158666677,22.88495575,30.48672566,93.33628319,17.38495575,71,23,28,51,125,0.225263,13,194,5,34,81
8477931,33,FLA,L,Tomas Nosek,Nosek,0.061153596,0.366459627,25.97515528,66.08074534,258.6583851,59,1,8,9,19,0.021277,1,47,236,24,83
8477933,30,FLA,CR,Sam Reinhart,Reinhart,0.188161066,30.33744856,58.96296296,79.37860082,227.5226337,79,39,42,81,201,0.183099,30,213,212,62,103
8478542,32,FLA,CLR,Evan Rodrigues,Rodrigues,0.081389996,9.233766234,25.92640693,91.61038961,90.67099567,82,15,17,32,79,0.093168,7,161,127,23,128
8479314,28,FLA,LR,Matthew Tkachuk,Tkachuk,0.116472076,31.27962085,25.18009479,103.4123223,6.251184834,52,22,35,57,136,0.141026,23,156,1,12,84
8477409,30,FLA,L,Carter Verhaeghe,Verhaeghe,0.124240202,16.57563025,26.46638655,62.31932773,24.06722689,81,20,33,53,126,0.082645,16,242,16,28,95
8477932,29,FLA,D,Aaron Ekblad,Ekblad,0.046451646,12.18539326,68.9494382,83.38202247,0,56,3,30,33,69,0.028302,11,106,0,64,90
8478055,29,FLA,D,Gustav Forsling,Forsling,0.060376689,2.68879668,99.04564315,87.41493776,0,80,11,20,31,73,0.05641,1,195,0,89,83
8477495,31,FLA,D,Seth Jones,Jones,0.079404639,13.18811881,117.009901,90.05445545,0,63,9,27,36,81,0.128087,19,129,0,109,96
8475179,35,FLA,D,Dmitry Kulikov,Kulikov,0.037157577,0.328638498,87.27699531,119.399061,0,70,4,9,13,30,0.0625,1,64,0,71,114
8478859,29,FLA,D,Niko Mikkola,Mikkola,0.038448025,0,106.4518828,162.3305439,0,76,6,16,22,50,0.051724,0,116,0,88,137
8473507,38,FLA,D,Jeff Petry,Petry,0.037301022,3.331460674,112.0280899,138.8258427,0,44,1,7,8,17,0.030303,1,33,0,77,51
8476469,32,LAK,R,Joel Armia,Armia,0.110534358,1.505263158,34.82105263,62.48421053,3.694736842,81,11,18,29,69,0.105769,3,104,3,35,87
8482124,23,LAK,CL,Quinton Byfield,Byfield,0.111929206,8.130841121,23.55607477,68.07943925,185.0373832,81,23,31,54,131,0.146497,7,157,415,33,80
8476479,32,LAK,C,Phillip Danault,Danault,0.096889192,10.09166667,69.45833333,81.34166667,643.1,80,8,35,43,94,0.065041,1,123,635,73,83
8477942,29,LAK,L,Kevin Fiala,Fiala,0.128524112,26.46982759,22.93103448,61.43965517,11.15086207,81,35,25,60,155,0.143443,25,244,15,22,63
8477998,29,LAK,LR,Warren Foegele,Foegele,0.108057727,1.064935065,31.93939394,85.70562771,12.32467532,82,24,22,46,116,0.120603,2,199,24,40,74
8477960,29,LAK,R,Adrian Kempe,Kempe,0.142392567,21.57083333,33.35,110.3416667,10.14166667,81,35,38,73,181,0.147679,18,237,11,36,100
8471685,38,LAK,C,Anze Kopitar,Kopitar,0.191711209,21.65983607,73.05737705,45.42622951,879.0819672,81,21,46,67,155,0.214286,22,98,879,67,31
8483808,29,LAK,LR,Andrei Kuzmenko,Kuzmenko,0.347859466,17.19178082,18.87671233,15.1369863,0.630136986,66,11,26,37,85,0.4177,13,83,1,22,19
8479675,30,LAK,LR,Trevor Moore,Moore,0.105616061,5.660377358,38.54716981,75.6745283,9.646226415,71,18,22,40,98,0.117647,3,153,1,29,71
8481532,24,LAK,CL,Alex Turcotte,Turcotte,0.099732739,0.739130435,24.34782609,35.56521739,44.73913043,68,9,16,25,59,0.113924,1,79,54,30,46
8479998,26,LAK,D,Mikey Anderson,Anderson,0.050178829,0.337719298,127.3114035,136.4429825,0,77,6,18,24,54,0.071429,0,84,0,124,119
8476879,32,LAK,D,Cody Ceci,Ceci,0.043639135,0,124.3811475,101.5122951,0,85,4,20,24,52,0.066667,0,90,0,155,76
8482730,22,LAK,D,Brandt Clarke,Clarke,0.038925825,7.368932039,96.11650485,18.61165049,0,78,5,28,33,71,0.038168,9,131,0,121,23
8475208,34,LAK,D,Brian Dumoulin,Dumoulin,0.072025744,0,110.2644628,89.94214876,0,80,3,19,22,47,0.118421,0,69,0,109,74
8476441,32,LAK,D,Joel Edmundson,Edmundson,0.042106941,0.390374332,109.1871658,98.2459893,0,73,6,14,20,46,0.065934,1,91,0,108,100
8479421,27,LAK,D,Jacob Moverare,Moverare,0.05086844,0,46.66666667,24.17333333,0,49,1,7,8,17,0.033333,0,30,0,60,31
8481557,24,MIN,LR,Matt Boldy,Boldy,0.115959269,23.96218487,42.70588235,50.43697479,57.8487395,82,27,46,73,173,0.099631,21,271,58,69,52
8478493,28,MIN,C,Joel Eriksson Ek,Eriksson Ek,0.10206391,19.25870647,50.65174129,129.3034826,663.7412935,46,14,15,29,72,0.1,10,140,408,36,82
8475220,34,MIN,L,Marcus Foligno,Foligno,0.137814477,0.989847716,43.5177665,227.0609137,7,77,14,15,29,72,0.153846,0,91,7,49,253
8477451,31,MIN,CR,Ryan Hartman,Hartman,0.0976535,7.222772277,51.83663366,70.51980198,302.9207921,69,11,15,26,63,0.06962,7,158,282,41,73
8475149,35,MIN,L,Marcus Johansson,Johansson,0.159052435,10.17391304,25.66086957,39.30434783,11.6,72,11,23,34,79,0.090909,6,121,5,25,49
8478864,28,MIN,L,Kirill Kaprizov,Kaprizov,0.162798186,31.6557377,29.63387978,50.28961749,0.732240437,41,25,31,56,137,0.172414,14,145,0,17,16
8482079,24,MIN,C,Marco Rossi,Rossi,0.135420984,9.857923497,35.8852459,44.08743169,365.1857923,82,24,36,60,144,0.176471,16,136,464,41,62
8481477,30,MIN,C,Nico Sturm,Sturm,0.124081367,0,39.67336683,94.26633166,417.1909548,62,7,7,14,35,0.184211,0,59,248,34,107
8475765,34,MIN,LR,Vladimir Tarasenko,Tarasenko,0.197819729,10.17777778,36.65777778,74.11111111,1.351111111,80,11,22,33,77,0.082707,8,133,0,35,63
8478508,28,MIN,C,Yakov Trenin,Trenin,0.121628812,0.672489083,32.65502183,204.8340611,44.53275109,76,7,8,15,37,0.082353,0,85,21,32,241
8475692,38,MIN,R,Mats Zuccarello,Zuccarello,0.102476417,26.125,49.72222222,36.94444444,21.76388889,69,19,35,54,127,0.125828,16,151,14,48,32
8474567,35,MIN,D,Zach Bogosian,Bogosian,0.038987562,0,73.828125,98.38541667,0.239583333,81,4,12,16,36,0.050633,0,79,0,80,81
8476463,32,MIN,D,Jonas Brodin,Brodin,0.049571384,0.360465116,126.7674419,32.86046512,0,50,4,16,20,44,0.056338,0,71,0,104,27
8482122,23,MIN,D,Brock Faber,Faber,0.068604185,12.91358025,131.4074074,50.2345679,0,78,10,19,29,68,0.080645,10,124,0,115,36
8478136,29,MIN,D,Jake Middleton,Middleton,0.066876208,0,157.7168142,121.5840708,0,67,8,13,21,50,0.082474,0,97,0,157,99
8474716,36,MIN,D,Jared Spurgeon,Spurgeon,0.063043727,5.950310559,139.4968944,55.50310559,0,66,7,25,32,71,0.065421,9,107,0,119,53
8476981,31,MTL,R,Josh Anderson,Anderson,0.109477789,1.894736842,42.36842105,162.4078947,21.18421053,81,15,12,27,69,0.137615,0,109,29,39,176
8481540,24,MTL,LR,Cole Caufield,Caufield,0.131063905,17.02857143,23.32380952,51.58095238,5.076190476,82,37,33,70,177,0.154167,17,240,6,31,66
8481523,24,MTL,CR,Kirby Dach,Dach,0.122859094,11.34188034,36.37606838,75.04273504,89.94871795,57,10,12,22,54,0.119048,7,84,96,36,100
8478133,29,MTL,C,Jake Evans,Evans,0.102638055,0.247706422,57.17431193,85.67889908,529.8348624,82,13,23,36,85,0.1625,0,80,593,60,124
8475848,33,MTL,R,Brendan Gallagher,Gallagher,0.116418112,4.87755102,32.10204082,66.6377551,6.632653061,82,21,17,38,97,0.141892,7,148,0,38,92
8479339,27,MTL,LR,Patrik Laine,Laine,0.145405928,15.232,25.544,23.416,21.216,52,20,13,33,86,0.172414,19,116,11,28,26
8481618,24,MTL,C,Alex Newhook,Newhook,0.137106132,4.255707763,29.50228311,64.57990868,224.8812785,82,15,11,26,67,0.127119,4,118,239,32,89
8483515,21,MTL,LR,Juraj Slafkovsky,Slafkovsky,0.12597731,10.08,58.28,148.875,7.05,79,18,33,51,120,0.135338,10,133,5,62,194
8480018,26,MTL,C,Nick Suzuki,Suzuki,0.171097,25,58.33333333,60.66666667,677.3333333,82,30,59,89,208,0.174419,27,172,680,71,63
8480813,25,MTL,C,Joe Veleno,Veleno,0.15327337,3.080851064,40.93617021,132.9276596,262.6,74,8,9,17,42,0.22,0,75,201,44,139
8478851,29,MTL,D,Alexandre Carrier,Carrier,0.059982508,0.374358974,134.5282051,65.41538462,0,79,3,22,25,53,0.077376,0,82,0,169,75
8480865,25,MTL,D,Noah Dobson,Dobson,0.057390241,18.55263158,137.1842105,67.38157895,0,71,10,29,39,88,0.05102,12,196,0,126,57
8482087,23,MTL,D,Kaiden Guhle,Guhle,0.075358562,0,134.1301775,103.7633136,0,55,6,12,18,42,0.084507,0,71,0,124,104
8476875,31,MTL,D,Mike Matheson,Matheson,0.052822019,16.8,154.9142857,58.79047619,0,80,6,25,31,68,0.040268,10,149,0,168,60
8482964,24,MTL,D,Arber Xhekaj,Xhekaj,0.039869376,0.927272727,54.01212121,158.8424242,0,70,1,5,6,13,0.014493,0,69,0,63,180
8479407,27,NJD,LR,Jesper Bratt,Bratt,0.125529694,27.64081633,32.62857143,61.86122449,2.67755102,81,21,67,88,197,0.116667,34,180,0,42,96
8477015,31,NJD,R,Connor Brown,Brown,0.071950885,0,30.20382166,24.5477707,16.0955414,82,13,17,30,73,0.105691,0,123,16,37,19
8481032,26,NJD,L,Paul Cotter,Cotter,0.137011319,1.447619048,26.98571429,220.4904762,27.71428571,79,16,6,22,60,0.177778,0,90,41,32,245
8474149,36,NJD,R,Evgenii Dadonov,Dadonov,0.156672466,6.107843137,35.43137255,37.81372549,0.715686275,80,20,20,40,100,0.162602,7,123,0,39,44
8479996,26,NJD,CR,Cody Glass,Glass,0.134988601,4.601123596,31.02247191,51.57303371,258.1966292,65,6,16,22,50,0.205128,2,91,243,38,53
8480002,26,NJD,C,Nico Hischier,Hischier,0.151449586,21.6784141,54.72687225,40.43171806,889.5638767,75,35,34,69,173,0.187166,29,187,987,60,44
8481559,24,NJD,CL,Jack Hughes,Hughes,0.115849782,29.77227723,27.85148515,9.851485149,176.5841584,62,27,43,70,167,0.117904,27,229,251,29,7
8478414,29,NJD,LR,Timo Meier,Meier,0.164179278,17.65198238,48.3876652,136.3480176,23.40969163,80,26,27,53,132,0.108787,13,239,8,65,141
8482110,24,NJD,CR,Dawson Mercer,Mercer,0.150569333,7.666666667,55.33333333,35.66666667,95,82,19,17,36,91,0.134752,8,141,96,60,41
8476474,32,NJD,LR,Stefan Noesen,Noesen,0.118917089,13.63291139,23.02531646,122.9367089,46.65822785,78,22,19,41,104,0.133333,15,165,41,26,152
8476292,34,NJD,L,Ondrej Palat,Palat,0.122968406,4.111675127,51.27411168,99.03553299,3.005076142,77,15,13,28,71,0.15625,4,96,4,58,124
8475455,35,NJD,D,Brenden Dillon,Dillon,0.05473049,0,108.9585062,209.3568465,0,82,2,14,16,34,0.041667,0,48,0,108,191
8476462,32,NJD,D,Dougie Hamilton,Hamilton,0.068048843,20.57831325,78.14457831,62.31325301,0,64,9,31,40,89,0.048387,15,186,0,85,74
8480192,28,NJD,D,Johnathan Kovacevic,Kovacevic,0.053016641,0,89.94090909,90.95909091,0,81,1,16,17,35,0.013158,0,76,0,99,102
8477488,31,NJD,D,Brett Pesce,Pesce,0.031212545,1.464285714,119.9375,29.07142857,0,72,3,14,17,37,0.030303,0,99,0,138,24
8478399,28,NJD,D,Jonas Siegenthaler,Siegenthaler,0.035571307,0.416666667,118.0677083,89.39583333,0,55,2,7,9,20,0.038462,0,52,0,92,75
8478047,30,NSH,L,Michael Bunting,Bunting,0.197118021,15.9539749,19.33472803,68.0292887,4.305439331,76,19,19,38,95,0.238384,17,155,5,19,70
8476887,31,NSH,L,Filip Forsberg,Forsberg,0.123552187,25.26168224,41.45794393,131.9813084,5.747663551,82,31,45,76,183,0.11032,26,281,4,52,151
8475287,34,NSH,CL,Erik Haula,Haula,0.095886471,5.035555556,46.48444444,95.43555556,484.8266667,69,11,10,21,53,0.1,5,110,378,35,101
8476539,35,NSH,R,Jonathan Marchessault,Marchessault,0.127088449,18.66101695,21.72881356,87.10169492,14.46610169,78,21,35,56,133,0.101942,23,206,17,25,77
8477446,30,NSH,C,Michael McCarron,McCarron,0.086376273,0,51.15909091,132.7613636,364.5113636,74,5,9,14,33,0.0625,0,80,502,61,149
8475158,34,NSH,C,Ryan O'Reilly,O'Reilly,0.188866958,18.24299065,53.73364486,21.42056075,716.2476636,79,21,32,53,127,0.139073,17,151,746,72,20
8482062,30,NSH,L,Cole Smith,Smith,0.067531823,0,28.83636364,200.1590909,4.722727273,71,4,8,12,28,0.057971,0,69,9,29,163
8474564,35,NSH,CLR,Steven Stamkos,Stamkos,0.149835616,31.56198347,46.69421488,78.61983471,418.4132231,82,27,26,53,133,0.155172,21,174,396,46,66
8482111,24,NSH,D,Justin Barron,Barron,0.126265732,1.261744966,63.48993289,65.76510067,0,62,6,7,13,32,0.150219,1,73,0,83,80
8483565,27,NSH,D,Nick Blankenburg,Blankenburg,0.064232778,4.666666667,59.11111111,52.11111111,0,60,4,12,16,36,0.047619,6,84,0,74,53
8479980,27,NSH,D,Nicolas Hague,Hague,0.03758709,0,107.6936937,118.1171171,0,68,5,7,12,29,0.067568,0,74,0,74,82
8474600,35,NSH,D,Roman Josi,Josi,0.07277505,25.81683168,134.6485149,46.60891089,0,53,9,29,38,85,0.06,17,150,0,95,42
8477851,33,NSH,D,Jordan Oesterle,Oesterle,0.089573,0,57.3963964,32.56756757,0,37,4,6,10,24,0.216667,0,38,0,57,27
8480246,27,NSH,D,Nick Perbix,Perbix,0.056987032,0,82.48636364,67.71363636,0,74,6,13,19,44,0.090909,0,66,0,66,50
8476869,31,NSH,D,Brady Skjei,Skjei,0.076680621,9.658436214,81.67901235,63.93004115,0,82,10,23,33,76,0.064103,10,156,0,93,52
8475231,34,NYI,CL,Casey Cizikas,Cizikas,0.080826069,0.652360515,64.72103004,177.0042918,396.416309,82,7,10,17,41,0.072165,1,97,337,66,202
8477494,30,NYI,LR,Jonathan Drouin,Drouin,0.12192505,14.10555556,24.76111111,30.68333333,75.91666667,43,11,26,37,85,0.196429,12,56,9,12,14
8477407,30,NYI,L,Anthony Duclair,Duclair,0.268764073,7.357664234,26.7080292,37.37956204,9.058394161,44,7,4,11,29,0.116667,3,60,0,21,26
8478115,29,NYI,L,Pierre Engvall,Engvall,0.153267236,3.518867925,12.99056604,40.36792453,23.48113208,62,8,7,15,38,0.086022,0,93,10,12,47
8481601,24,NYI,R,Simon Holmstrom,Holmstrom,0.19471125,2.25,43.375,19.5,2.625,75,20,25,45,110,0.208333,6,96,1,55,27
8477500,30,NYI,C,Bo Horvat,Horvat,0.181193498,15.61410788,45.58921162,72.7966805,828.9377593,81,28,29,57,142,0.115226,7,243,767,40,100
8475314,35,NYI,L,Anders Lee,Lee,0.121190849,9.351020408,49.98367347,140.522449,19.33469388,82,29,25,54,137,0.124464,9,233,12,39,121
8476419,33,NYI,CR,Jean-Gabriel Pageau,Pageau,0.110587727,4.844155844,66.73160173,170.4848485,660.3419913,79,14,28,42,98,0.116667,5,120,589,57,140
8475151,34,NYI,R,Kyle Palmieri,Palmieri,0.137637233,12.11415525,38.34246575,72.63013699,11.99543379,82,24,24,48,120,0.142012,9,169,13,48,54
8476429,33,NYI,D,Scott Mayfield,Mayfield,0.042417058,0,132.5502646,92.68783069,0,66,3,6,9,21,0.058824,0,51,0,105,89
8476917,31,NYI,D,Adam Pelech,Pelech,0.025643274,0.335195531,102.6145251,71.44692737,0,60,0,21,21,42,0,1,109,0,87,73
8477506,31,NYI,D,Ryan Pulock,Pulock,0.048087187,4.23364486,143.0280374,115.0560748,0,74,5,18,23,51,0.051546,2,97,0,155,100
8481014,25,NYI,D,Alexander Romanov,Romanov,0.040389814,0,154.8190045,168.2036199,0,64,4,16,20,44,0.04,0,100,0,165,147
8477380,32,NYR,C,Jonny Brodzinski,Brodzinski,0.1028474,0.912,19.24,27.744,113.856,51,12,7,19,50,0.164384,0,73,81,19,27
8475842,33,NYR,C,Sam Carrick,Carrick,0.129669632,0.368421053,34.94258373,138.3492823,343.1913876,80,6,14,20,46,0.071429,0,84,375,42,137
8482157,23,NYR,LR,Will Cuylle,Cuylle,0.117594263,2.443113772,37.16167665,268.760479,6.371257485,82,20,25,45,110,0.131579,3,152,11,50,301
8475413,35,NYR,C,Justin Dowling,Dowling,0.068991,0,21.22222222,49.14814815,152.2962963,52,2,5,7,16,0.058824,0,34,158,22,51
8482109,24,NYR,LR,Alexis Lafreniere,Lafreniere,0.119558224,4.669387755,25.32244898,110.877551,19.29795918,82,17,28,45,107,0.111111,4,153,13,27,119
8476468,32,NYR,CR,J.T. Miller,Miller,0.22219,31,54.15384615,195.6923077,646.6923077,72,22,48,70,162,0.34612,22,137,628,50,168
8478550,34,NYR,L,Artemi Panarin,Panarin,0.153307484,35.40983607,12.3442623,20.68852459,2.352459016,80,37,52,89,215,0.156118,26,237,0,11,18
8481704,24,NYR,C,Juuso Parssinen,Parssinen,0.373401204,3.941605839,20.89051095,75.00729927,108.5255474,48,6,10,16,38,0.815151,1,30,92,29,86
8479390,27,NYR,R,Taylor Raddysh,Raddysh,0.091585511,6.359307359,31.37662338,74.66666667,12.4978355,80,7,20,27,61,0.075269,1,93,9,28,59
8476389,32,NYR,C,Vincent Trocheck,Trocheck,0.114256667,17.66666667,69.33333333,190.3333333,837.3333333,82,26,33,59,144,0.128713,12,202,910,78,214
8476459,32,NYR,CR,Mika Zibanejad,Zibanejad,0.127478298,29.66122449,49.64489796,54.68979592,596.5306122,82,20,42,62,144,0.10929,19,183,549,46,44
8478840,29,NYR,D,Will Borgen,Borgen,0.061160048,0,105.7580645,172.9193548,0,84,5,10,15,35,0.111842,0,81,0,117,122
8479323,27,NYR,D,Adam Fox,Fox,0.090370684,26.69298246,118.8508772,35.86842105,0,74,10,51,61,132,0.074074,18,135,0,108,40
8478882,30,NYR,D,Vladislav Gavrikov,Gavrikov,0.082115351,0,123.5411255,59.14718615,0,82,5,25,30,65,0.044643,0,112,0,140,50
8482073,24,NYR,D,Braden Schneider,Schneider,0.05965035,0,135.9506173,153.4197531,0,80,6,15,21,48,0.063158,0,95,0,145,146
8477369,31,NYR,D,Carson Soucy,Soucy,0.067485694,0.414507772,93.25388601,115.9533679,0,75,4,9,13,30,0.101019,0,81,0,106,115
8480001,26,NYR,D,Urho Vaakanainen,Vaakanainen,0.025565366,0,59.96478873,36.07746479,0,51,2,14,16,34,0.051282,0,42,0,49,19
8478020,29,OTT,R,Michael Amadio,Amadio,0.136230991,2.693396226,35.18396226,70.90566038,50.19811321,72,11,16,27,65,0.129412,1,85,49,44,108
8480208,27,OTT,LR,Drake Batherson,Batherson,0.122209,27.33333333,32.66666667,120.6666667,21,82,26,42,68,162,0.135417,31,192,12,30,149
8476393,32,OTT,L,Nick Cousins,Cousins,0.079462939,0,32.42929293,101.479798,34.50505051,50,6,9,15,36,0.088235,0,68,1,26,85
8481528,24,OTT,C,Dylan Cozens,Cozens,0.139946426,13.3553719,34.10330579,122.8016529,559.0867769,82,16,31,47,110,0.181178,12,188,587,45,205
8474189,36,OTT,C,Lars Eller,Eller,0.155918561,1.991869919,44.3902439,68.62601626,477.2764228,80,10,12,22,54,0.22607,1,104,392,35,57
8473512,37,OTT,LR,Claude Giroux,Giroux,0.129083208,20.34285714,33.63673469,59.64897959,660.244898,81,15,35,50,115,0.108696,18,138,600,41,64
8482092,23,OTT,CR,Ridly Greig,Greig,0.114728729,5.329411765,39.28235294,121.8352941,183.9294118,78,13,21,34,81,0.109244,9,119,208,47,138
8474102,37,OTT,LR,David Perron,Perron,0.119897239,16.68656716,21.92537313,101.0248756,8.149253731,43,9,7,16,41,0.126761,6,71,6,9,72
8481596,25,OTT,C,Shane Pinto,Pinto,0.131134933,5.823834197,47.71502591,64.92746114,405.1243523,70,21,16,37,95,0.165354,2,127,444,56,73
8482116,23,OTT,CL,Tim Stutzle,Stutzle,0.138389447,27.19148936,45.05106383,115.1148936,211.3659574,82,24,55,79,182,0.148148,33,162,195,45,130
8480801,26,OTT,CL,Brady Tkachuk,Tkachuk,0.100935774,24.74893617,24.97021277,255.6340426,252.5787234,72,29,26,55,139,0.097973,23,296,178,33,228
8480188,26,OTT,LR,Fabian Zetterlund,Zetterlund,0.12419588,9.017167382,59.93991416,112.9914163,23.04291845,84,19,22,41,101,0.170567,7,181,31,81,154
8478469,28,OTT,D,Thomas Chabot,Chabot,0.062540186,11.84422111,122.8743719,61.5879397,0,80,9,36,45,99,0.050279,8,179,0,145,58
8475324,35,OTT,D,Nick Jensen,Jensen,0.032730111,0,115.9070796,75.13274336,0,71,3,18,21,45,0.038961,0,77,0,95,55
8482095,23,OTT,D,Tyler Kleven,Kleven,0.042200813,0.822916667,81.25,87.90625,0,79,4,6,10,24,0.051282,1,78,0,97,105
8482105,23,OTT,D,Jake Sanderson,Sanderson,0.050195424,20.40254237,149.7457627,43.31355932,0.334745763,80,11,46,57,125,0.05641,30,195,0,163,38
8481606,24,OTT,D,Jordan Spence,Spence,0.034932359,5.262820513,64.14102564,71.12179487,0,79,4,24,28,60,0.046512,5,86,0,77,80
8482245,30,OTT,D,Artem Zub,Zub,0.055628354,0.314606742,104.3651685,111.1348315,0,56,2,11,13,28,0.035088,1,57,0,118,58
8481553,24,PHI,R,Bobby Brink,Brink,0.123303735,4.419117647,27.48529412,72.01470588,11.55147059,79,12,29,41,94,0.114286,4,105,17,30,98
8480220,26,PHI,C,Noah Cates,Cates,0.118020717,4.063926941,53,77.19634703,370.9543379,78,16,21,37,90,0.145455,3,110,493,54,87
8476461,33,PHI,C,Sean Couturier,Couturier,0.077678131,5.450980392,43.06535948,56.41830065,680.6405229,79,15,30,45,105,0.096774,4,155,670,45,54
8477989,29,PHI,C,Christian Dvorak,Dvorak,0.119431727,2.193181818,61.71590909,27.95454545,482.3863636,82,12,21,33,78,0.115385,2,104,591,74,44
8482159,23,PHI,LR,Tyson Foerster,Foerster,0.151096723,7.662650602,49.56024096,84.48795181,0.463855422,81,25,18,43,111,0.176056,8,142,0,54,75
8477903,34,PHI,R,Garnet Hathaway,Hathaway,0.186327957,0,73.15450644,285.248927,10.83690987,67,10,11,21,52,0.125,0,80,7,61,257
8478439,28,PHI,LR,Travis Konecny,Konecny,0.139839706,13.66055046,37.41284404,81.87155963,35.97247706,82,24,52,76,176,0.12766,17,188,39,42,94
8480015,26,PHI,LR,Owen Tippett,Tippett,0.106674957,8.995689655,59.61206897,129.4137931,15.01724138,77,20,23,43,106,0.106383,7,188,7,63,115
8481533,24,PHI,C,Trevor Zegras,Zegras,0.116287249,9.680473373,25.75739645,41.84615385,146.2485207,57,12,20,32,76,0.122449,4,98,68,27,50
8482142,23,PHI,D,Jamie Drysdale,Drysdale,0.101757429,4.982142857,77.23214286,19.64285714,0,70,7,13,20,47,0.111111,7,63,0,102,18
8477499,31,PHI,D,Rasmus Ristolainen,Ristolainen,0.034376935,3.327380952,106.1011905,118.0654762,0,63,4,15,19,42,0.04,3,100,0,94,97
8477948,29,PHI,D,Travis Sanheim,Sanheim,0.063014197,2.663934426,152.0737705,79.68442623,0,82,8,22,30,68,0.057554,2,139,0,170,84
8476372,32,PHI,D,Nick Seeler,Seeler,0.031972036,0,188.2311111,127.5511111,0,77,3,17,20,43,0.036585,0,82,0,200,125
8481546,24,PHI,D,Cam York,York,0.063130436,3.237623762,130.2475248,62.21782178,0,66,4,13,17,38,0.061538,0,65,0,126,60
8481178,25,PHI,D,Egor Zamula,Zamula,0.073551923,4.153846154,77.82517483,28.53146853,0,63,3,12,15,33,0.081081,0,37,0,91,24
8478569,34,PIT,CR,Noel Acciari,Acciari,0.144080152,0,89.1563981,188.7582938,324.7535545,79,5,7,12,29,0.066667,0,75,321,100,180
8471675,38,PIT,C,Sidney Crosby,Crosby,0.141926975,25.6557377,41.01639344,79.7704918,1028.098361,80,33,58,91,215,0.145374,27,227,1016,39,67
8480980,26,PIT,C,Connor Dewar,Dewar,0.144728256,0,42.55172414,124.817734,171.1034483,48,4,6,10,24,0.148148,0,55,53,37,129
8475763,33,PIT,C,Kevin Hayes,Hayes,0.099009951,9.549107143,17.09375,48.47321429,356.7857143,64,13,10,23,59,0.132653,7,98,236,11,52
8478046,30,PIT,L,Danton Heinen,Heinen,0.152138615,1.660550459,36.77522936,80.18807339,11.19266055,79,9,20,29,67,0.217445,2,81,18,37,81
8481481,28,PIT,C,Blake Lizotte,Lizotte,0.132108891,0.292079208,32.7029703,75.66336634,269.7920792,59,11,9,20,51,0.215686,1,51,177,29,60
8471215,39,PIT,CL,Evgeni Malkin,Malkin,0.125235328,23.77586207,40.57758621,38.36206897,371.6465517,68,16,34,50,116,0.128,16,125,290,48,32
8476483,32,PIT,CLR,Rickard Rakell,Rakell,0.12780127,15.79828326,57.43776824,123.5965665,11.02575107,81,35,35,70,175,0.172414,19,203,19,77,116
8475810,33,PIT,R,Bryan Rust,Rust,0.131114322,12.74299065,51.61682243,71.28037383,5.457943925,71,31,34,65,161,0.162304,18,191,9,54,62
8481577,24,PIT,CR,Philip Tomasino,Tomasino,0.114376414,6.30075188,19.82706767,39.42857143,5.54887218,61,11,13,24,59,0.126437,8,104,5,23,63
8477365,30,PIT,D,Connor Clifton,Clifton,0.04111363,0,117.7,206.626087,0,73,1,15,16,33,0.015873,0,63,0,116,208
8476856,31,PIT,D,Mathew Dumba,Dumba,0.042572532,0.288990826,97.02752294,128.3394495,0,63,1,9,10,21,0.017544,1,57,0,60,70
8477435,30,PIT,D,Ryan Graves,Graves,0.041707823,0,125.5933014,76.98086124,0,61,1,3,4,9,0.025641,0,39,0,73,75
8474578,35,PIT,D,Erik Karlsson,Karlsson,0.076284,19.66666667,94.33333333,34,0,82,11,42,53,117,0.057592,15,191,0,94,29
8471724,38,PIT,D,Kris Letang,Letang,0.062869,12.00909091,115.7454545,138.5545455,0,74,9,21,30,69,0.054878,12,164,0,100,120
8478450,28,PIT,D,Parker Wotherspoon,Wotherspoon,0.011573935,0,59.82407407,70.97222222,0,55,1,6,7,15,0.022727,0,44,0,66,75
8482665,23,SEA,C,Matty Beniers,Beniers,0.137295406,10.62343096,56.66108787,57.60669456,502.2552301,82,20,23,43,106,0.136054,9,147,570,77,42
8474586,35,SEA,R,Jordan Eberle,Eberle,0.113295129,11.76237624,24.22772277,32.14851485,27.22772277,42,9,17,26,61,0.136364,5,66,7,25,13
8477919,32,SEA,C,Frederick Gaudreau,Gaudreau,0.120772584,5.225108225,53.74458874,38.55411255,444.4545455,82,18,19,37,92,0.163636,5,110,529,61,47
8481554,24,SEA,R,Kaapo Kakko,Kakko,0.173498824,4.22972973,24.88288288,40.94594595,21.73423423,79,14,30,44,102,0.227778,8,117,50,28,68
8478975,30,SEA,L,Mason Marchment,Marchment,0.130675986,8.772511848,31.79146919,93.03317536,8.28436019,62,22,25,47,116,0.164179,10,134,12,21,79
8477955,29,SEA,CL,Jared McCann,McCann,0.144062349,18.32365145,35.15352697,52.23651452,94.406639,82,22,39,61,144,0.108911,16,202,109,50,47
8475768,33,SEA,CL,Jaden Schwartz,Schwartz,0.124639075,9.336448598,32.01401869,47.85046729,63.74299065,81,26,23,49,124,0.134021,10,194,34,42,43
8476905,31,SEA,C,Chandler Stephenson,Stephenson,0.158382346,15.35897436,48.87179487,50.3974359,664.2435897,78,13,38,51,115,0.178082,18,73,761,50,33
8480009,26,SEA,LR,Eeli Tolvanen,Tolvanen,0.172878785,7.3632287,64.80269058,187.2556054,6.995515695,81,23,12,35,93,0.167883,5,137,5,65,237
8483524,21,SEA,C,Shane Wright,Wright,0.222748979,10.89473684,52.56842105,45.07368421,311.1473684,79,19,25,44,107,0.208791,13,91,369,62,54
8478407,29,SEA,D,Vince Dunn,Dunn,0.089095134,14.37128713,75.01980198,66.40594059,0,62,11,28,39,89,0.080292,12,137,0,79,29
8476457,33,SEA,D,Adam Larsson,Larsson,0.04981509,0,157.3591837,162.6693878,0,82,7,21,28,63,0.0625,0,112,0,148,104
8479324,27,SEA,D,Ryan Lindgren,Lindgren,0.067530706,0,108.2464455,88.66350711,0,72,4,18,22,48,0.142857,0,63,0,128,80
8477986,31,SEA,D,Brandon Montour,Montour,0.064950731,20.49779736,87.93832599,92.63436123,0,81,18,23,41,100,0.077922,11,231,0,100,84
8476467,33,SEA,D,Jamie Oleksiak,Oleksiak,0.064308891,0,151.3682008,102.6694561,0,82,4,13,17,38,0.060606,0,66,0,159,74
8480848,25,SJS,C,Ty Dellandrea,Dellandrea,0.057117937,0,37.02083333,124.8958333,137.9270833,68,1,7,8,17,0.02,0,50,209,47,163
8482667,23,SJS,L,William Eklund,Eklund,0.118531994,15.27272727,56.66666667,44.44848485,40.13939394,77,17,41,58,133,0.112583,16,151,11,46,54
8478874,29,SJS,CR,Adam Gaudette,Gaudette,0.206023988,2.927710843,27.34939759,66.45783133,171.7590361,81,19,7,26,71,0.211111,3,90,176,28,68
8476624,32,SJS,C,Barclay Goodrow,Goodrow,0.086421561,0.686192469,70.07531381,147.0878661,240.9205021,77,5,3,8,21,0.068493,0,73,108,60,150
8479336,28,SJS,R,Carl Grundstrom,Grundstrom,0.084169491,0.656441718,17.03680982,144.7239264,3.042944785,56,3,6,9,21,0.034091,0,88,3,18,172
8480798,26,SJS,CR,Philipp Kurashev,Kurashev,0.115250128,8.959183673,34.67346939,31.70918367,104.1938776,51,7,7,14,35,0.12963,1,54,97,16,30
8475784,33,SJS,L,Jeff Skinner,Skinner,0.123745156,11.96,16.55111111,30.32444444,74,72,16,13,29,74,0.111111,2,144,22,23,45
8475726,33,SJS,LR,Tyler Toffoli,Toffoli,0.179835695,19.42259414,18.88284519,62.65690377,15.56903766,78,30,24,54,138,0.128755,15,233,13,32,54
8477505,31,SJS,C,Alexander Wennberg,Wennberg,0.154336945,8.327731092,72.48319328,39.78991597,563.605042,77,10,25,35,80,0.121951,10,82,508,80,30
8479576,29,SJS,D,Vincent Desharnais,Desharnais,0.011529818,0,93.8,100.0545455,0,51,0,3,3,6,0,0,28,0,83,87
8479983,27,SJS,D,Mario Ferraro,Ferraro,0.049067816,0.315789474,155.2631579,134.4736842,0,78,5,12,17,39,0.063291,0,79,0,125,150
8480043,26,SJS,D,Timothy Liljegren,Liljegren,0.060247684,3.810526316,106.1,87.26842105,0,68,6,11,17,40,0.058824,4,102,0,111,64
8475200,34,SJS,D,Dmitry Orlov,Orlov,0.07098142,4.526785714,67.36607143,116.7321429,0,76,6,22,28,62,0.051282,1,117,0,60,101
8475760,33,STL,C,Nick Bjugstad,Bjugstad,0.1501645,2.727272727,40.88181818,131.5272727,463.1545455,66,8,11,19,46,0.069565,1,115,207,29,104
8477402,30,STL,CLR,Pavel Buchnevich,Buchnevich,0.156322475,16.78082192,27.94977169,46.51141553,76.03652968,76,20,37,57,134,0.137931,12,145,85,32,44
8482077,24,STL,CL,Dylan Holloway,Holloway,0.113228163,6.259036145,31.31325301,122.6385542,41.23493976,77,26,37,63,152,0.146067,13,178,61,50,165
8478472,28,STL,R,Mathieu Joseph,Joseph,0.066015213,0.893617021,38.59574468,102.6595745,19.85106383,60,4,10,14,32,0.057971,0,69,33,36,121
8479385,27,STL,R,Jordan Kyrou,Kyrou,0.136729543,20.30041152,34.32510288,30.19753086,4.325102881,82,36,34,70,176,0.150628,17,239,5,36,50
8482089,23,STL,LR,Jake Neighbours,Neighbours,0.168281084,10.63366337,44.35643564,136.2425743,7.712871287,82,22,24,46,114,0.180328,12,122,5,56,173
8475170,34,STL,C,Brayden Schenn,Schenn,0.129206,11.33333333,49,167.6666667,514.6666667,82,18,32,50,118,0.124138,7,145,618,55,194
8476897,31,STL,C,Oskar Sundqvist,Sundqvist,0.200067478,6.634146341,43.44390244,74.48292683,179.3463415,67,6,14,20,46,0.1,7,60,260,53,78
8480459,29,STL,CL,Pius Suter,Suter,0.149960859,3.259911894,35.00881057,50.56387665,262.1145374,81,25,21,46,117,0.181159,5,138,372,43,59
8480023,26,STL,C,Robert Thomas,Thomas,0.155890333,22.88888889,41.47111111,14.74222222,756.8888889,70,21,60,81,183,0.144828,19,145,733,48,13
8480281,26,STL,R,Alexey Toropchenko,Toropchenko,0.093718377,0,51.61904762,172.2424242,1.982683983,80,4,14,18,40,0.044444,0,90,4,53,223
8477573,31,STL,L,Nathan Walker,Walker,0.103686034,0,45.90804598,168.8505747,70.14942529,73,8,8,16,40,0.111111,0,72,82,61,281
8481598,24,STL,D,Philip Broberg,Broberg,0.055918508,1.174603175,69.31746032,33.80952381,0,68,8,21,29,66,0.082474,2,97,0,103,43
8475753,33,STL,D,Justin Faulk,Faulk,0.036487491,9.890909091,118.8363636,93.45454545,0,78,4,28,32,68,0.032258,12,124,0,108,82
8475764,34,STL,D,Cam Fowler,Fowler,0.080705913,13.63636364,104.2554113,23.12121212,0,68,9,31,40,89,0.126761,8,88,0,87,8
8476892,32,STL,D,Colton Parayko,Parayko,0.070633756,1.351111111,172.3911111,107.7288889,0,64,16,20,36,88,0.128,1,125,0,149,92
8481006,25,STL,D,Tyler Tucker,Tucker,0.069134,0,31.77777778,67.13333333,0,38,3,4,7,17,0.090909,0,33,0,39,81
8477416,30,TBL,R,Oliver Bjorkstrand,Bjorkstrand,0.16677374,15.73553719,31.03305785,67.94628099,10.05371901,79,21,25,46,113,0.295699,12,154,3,26,74
8482070,27,TBL,R,Mitchell Chaffee,Chaffee,0.167620063,2.75,20.6875,118.9375,2.75,66,12,6,18,48,0.176471,4,68,4,21,133
8478519,28,TBL,C,Anthony Cirelli,Cirelli,0.145142041,4.926267281,66.14285714,41.60368664,519.8525346,80,27,32,59,145,0.16875,5,160,647,72,25
8476878,31,TBL,LR,Zemgus Girgensons,Girgensons,0.070655551,0.355555556,45.72444444,137.0266667,81.97333333,82,2,4,6,14,0.024096,0,83,61,50,174
8476826,34,TBL,C,Yanni Gourde,Gourde,0.10945944,2.481651376,48.55963303,129.5917431,439.733945,57,7,24,31,69,0.178571,1,75,267,36,109
8477404,31,TBL,L,Jake Guentzel,Guentzel,0.19868512,24.48,42.77333333,53.02222222,67.49333333,80,41,39,80,201,0.18894,28,217,177,52,28
8479542,27,TBL,LR,Brandon Hagel,Hagel,0.154393163,10.32244898,54.31836735,60.63673469,18.64897959,82,35,55,90,215,0.153509,11,228,8,60,59
8480995,26,TBL,R,Pontus Holmberg,Holmberg,0.13114373,0.660377358,41.11949686,42.57861635,113.0125786,68,7,12,19,45,0.102941,1,68,139,53,46
8476453,32,TBL,R,Nikita Kucherov,Kucherov,0.131183183,49.71369295,31.97095436,43.32365145,1.676348548,78,37,84,121,279,0.139623,46,265,1,33,23
8477426,30,TBL,CL,Nick Paul,Paul,0.151488462,7.764705882,39.83193277,94.21848739,474.8319328,76,22,19,41,104,0.156028,5,141,393,31,66
8481592,24,TBL,LR,Jakob Pelletier,Pelletier,0.181427442,0.837209302,15.18604651,32.47674419,8.569767442,49,7,12,19,45,0.258333,0,54,13,19,47
8478010,29,TBL,C,Brayden Point,Point,0.213837079,30.99583333,41.92916667,26.38333333,379.6583333,77,42,40,82,206,0.222222,31,189,430,45,26
8478416,28,TBL,D,Erik Cernak,Cernak,0.036165181,0,102.5348837,187.0883721,0,76,3,18,21,45,0.046875,0,64,0,99,157
8475167,35,TBL,D,Victor Hedman,Hedman,0.069871283,23.75965665,123.6008584,65.96995708,0,79,15,51,66,147,0.082873,26,181,0,133,39
8474151,36,TBL,D,Ryan McDonagh,McDonagh,0.037291599,1.665198238,151.8281938,40.40088106,0,82,4,27,31,66,0.051282,1,78,0,152,23
8482655,25,TBL,D,J.J. Moser,Moser,0.063041093,5.537037037,110.9907407,75.53703704,0,54,2,12,14,30,0.041667,1,48,0,70,34
8478178,29,TBL,D,Darren Raddysh,Raddysh,0.055853953,7.156976744,80.5,54.35465116,0,73,6,31,37,80,0.055556,9,108,0,68,38
8477503,30,TOR,CL,Max Domi,Domi,0.111690034,9.393162393,25.21367521,35.76068376,337.957265,74,8,25,33,74,0.086022,7,93,273,30,32
8478057,29,TOR,CL,Dakota Joshua,Joshua,0.167902226,1.286432161,32.87939698,220.6582915,26.48241206,57,7,7,14,35,0.134615,2,52,23,29,193
8480144,30,TOR,C,David Kampf,Kampf,0.09049689,0,28.19178082,71.09589041,463.2237443,59,5,8,13,31,0.111111,0,45,278,26,50
8482720,23,TOR,L,Matthew Knies,Knies,0.15724436,8.260869565,34.80745342,172.1863354,0,78,29,29,58,145,0.190789,15,152,0,41,182
8476872,31,TOR,CL,Scott Laughton,Laughton,0.12926235,4.633333333,55.65833333,162.9916667,413.075,80,13,18,31,75,0.204762,0,125,253,54,178
8478904,29,TOR,LR,Steven Lorentz,Lorentz,0.085327747,0.404040404,43.49494949,147.5757576,123.7575758,80,8,11,19,46,0.105263,0,76,12,55,199
8481711,25,TOR,L,Matias Maccelli,Maccelli,0.129417736,9.855721393,17.26368159,19.48258706,4.089552239,55,8,10,18,44,0.093023,3,86,6,10,6
8479318,28,TOR,C,Auston Matthews,Matthews,0.147160392,27.45945946,91.45945946,72.05405405,650.3153153,67,33,45,78,189,0.126437,25,261,695,89,45
8482259,29,TOR,L,Bobby McMann,McMann,0.113400329,3.571428571,19.35714286,119.9,4.585714286,74,20,14,34,88,0.118343,6,169,4,23,136
8477939,29,TOR,CR,William Nylander,Nylander,0.146989,31,27.33333333,21.33333333,52.33333333,82,45,39,84,213,0.177866,30,253,76,27,14
8481582,24,TOR,R,Nicholas Robertson,Robertson,0.132277564,2.185714286,26.61428571,54.46428571,2.892857143,69,15,7,22,59,0.133929,2,112,3,33,79
8478462,28,TOR,CR,Nicolas Roy,Roy,0.131495908,5.650485437,41.02912621,77.50970874,366.2912621,71,15,16,31,77,0.140187,4,107,371,47,72
8475166,35,TOR,C,John Tavares,Tavares,0.140266213,26.46808511,39.21276596,113.106383,763.7021277,75,38,36,74,186,0.19,20,200,762,45,92
8481122,27,TOR,D,Simon Benoit,Benoit,0.025951764,0,114.4090909,220.4727273,0,78,1,9,10,21,0.020833,0,48,0,111,204
8478443,29,TOR,D,Brandon Carlo,Carlo,0.032216274,0,138.3376068,118.4188034,0,83,1,11,12,25,0.015625,0,77,0,157,90
8475171,34,TOR,D,Oliver Ekman-Larsson,Ekman-Larsson,0.045800066,6.654028436,67.83412322,94.06635071,0,77,4,25,29,62,0.033898,4,118,0,83,108
8476931,32,TOR,D,Jake McCabe,McCabe,0.06824727,0.679069767,138.6186047,168.2,0,66,2,21,23,48,0.027027,0,74,0,135,118
8479026,28,TOR,D,Philippe Myers,Myers,0.040173404,0,30.92307692,59.94230769,0,36,2,3,5,12,0.043478,0,46,0,42,76
8476853,31,TOR,D,Morgan Rielly,Rielly,0.043526694,16.8630137,119.3196347,60.85844749,0,82,7,34,41,89,0.055556,14,126,0,131,21
8475690,36,TOR,D,Chris Tanev,Tanev,0.063314395,0.302325581,177.4418605,38.09302326,0,75,3,15,18,39,0.069767,0,43,0,189,20
8481567,24,TOR,D,Henry Thrun,Thrun,0.046178319,1.714285714,64.31092437,33.09243697,0,60,2,10,12,26,0.038462,0,52,0,66,43
8479619,29,UTA,L,Michael Carcone,Carcone,0.148137,1.867647059,16.32352941,50.23529412,4.125,53,7,12,19,45,0.093333,2,75,5,11,48
8478474,28,UTA,LR,Lawson Crouse,Crouse,0.129068623,6.305439331,53.59414226,187.2217573,26.56066946,81,12,6,18,48,0.095238,1,126,19,46,193
8482699,22,UTA,R,Dylan Guenther,Guenther,0.133072797,19.00675676,29.61486486,38.81081081,7,70,27,33,60,147,0.132353,29,204,10,42,53
8480849,25,UTA,C,Barrett Hayton,Hayton,0.105753721,10.74111675,34.56345178,50.29949239,526.0101523,82,20,26,46,112,0.129032,15,155,552,44,31
8479343,27,UTA,LR,Clayton Keller,Keller,0.149550452,28.95020747,31.36099585,16.29460581,20.5560166,81,30,60,90,210,0.137615,37,218,10,30,11
8477021,31,UTA,CLR,Alexander Kerfoot,Kerfoot,0.103415327,5.351020408,62.98367347,62.0122449,245.277551,81,11,17,28,67,0.108911,1,101,259,67,59
8480855,25,UTA,CL,Jack McBain,McBain,0.142823632,1.064935065,48.03463203,270.3809524,297.9047619,82,13,14,27,67,0.144444,3,90,229,50,291
8482175,23,UTA,LR,JJ Peterka,Peterka,0.125290767,9.936440678,14.73728814,25.04237288,3.326271186,77,27,41,68,163,0.156069,18,173,2,16,30
8477951,29,UTA,CR,Nick Schmaltz,Schmaltz,0.135344973,19.93303571,38.80803571,14.14285714,136.8125,82,20,43,63,146,0.107527,25,186,185,45,14
8478831,29,UTA,C,Kevin Stenlund,Stenlund,0.126256793,0,51.68202765,57.58986175,465.2304147,82,14,14,28,70,0.137255,0,102,623,64,50
8479293,34,UTA,LR,Brandon Tanev,Tanev,0.139845678,0,79.13215859,170.1321586,6.136563877,79,10,12,22,54,0.177311,0,99,7,105,168
8474013,36,UTA,D,Ian Cole,Cole,0.024985899,0,167.4117647,102.0672269,0,82,1,16,17,35,0.015152,0,66,0,211,106
8476874,31,UTA,D,Olli Maatta,Maatta,0.069375837,0,116.4933921,52.09251101,0,77,2,16,18,38,0.028571,0,73,0,124,25
8477220,34,UTA,D,Nate Schmidt,Schmidt,0.057547374,4.331775701,77.11682243,65.01401869,0,80,5,14,19,43,0.071429,4,70,0,71,82
8479410,27,UTA,D,Mikhail Sergachev,Sergachev,0.079458595,21.8,131.0368421,84.38421053,0,77,15,38,53,121,0.113636,23,132,0,140,61
8479976,27,UTA,D,Juuso Valimaki,Valimaki,0.039555058,6.391534392,83.97354497,51.93121693,0,43,2,3,5,12,0.05,0,40,0,49,23
8476927,31,VAN,C,Teddy Blueger,Blueger,0.087772042,0,44.18309859,92.00469484,417.2629108,82,8,18,26,60,0.085106,0,94,510,43,104
8478444,28,VAN,R,Brock Boeser,Boeser,0.157811061,20.47391304,31.59565217,60.26956522,16.54782609,75,25,25,50,125,0.172414,20,145,15,34,76
8480078,26,VAN,C,Filip Chytil,Chytil,0.133318657,4.714285714,25.57142857,26.91428571,240.3428571,56,13,13,26,65,0.169051,5,133,264,13,19
8478498,29,VAN,LR,Jake DeBrusk,DeBrusk,0.136194823,14.39823009,40.63716814,96.77876106,7.601769912,82,28,20,48,124,0.163743,19,171,11,48,96
8478856,29,VAN,R,Conor Garland,Garland,0.104284701,10.97540984,37.31967213,49.68032787,3.327868852,81,19,31,50,119,0.111111,16,171,5,58,49
8481535,25,VAN,L,Nils Hoglander,Hoglander,0.144214644,0.406779661,19.07344633,79.07909605,0.141242938,72,8,17,25,58,0.096386,1,83,0,23,76
8482055,27,VAN,L,Drew O'Connor,O'Connor,0.13089023,0.803827751,47.9138756,67.25837321,31.19138756,84,10,15,25,60,0.187457,2,117,48,57,83
8480012,27,VAN,CL,Elias Pettersson,Pettersson,0.152283283,24.62831858,77.98230088,92.50442478,433.4690265,64,15,30,45,105,0.137615,16,109,458,77,74
8480748,30,VAN,R,Kiefer Sherwood,Sherwood,0.115855573,1.235955056,24.24719101,310.3595506,17.3258427,78,19,21,40,99,0.134752,2,141,24,30,462
8475762,33,VAN,D,Derek Forbort,Forbort,0.069052406,0.377622378,78.21678322,81.21678322,0,54,2,9,11,24,0.051282,1,39,0,77,65
8479425,28,VAN,D,Filip Hronek,Hronek,0.054041189,11.36893204,74.4368932,98.9368932,0.296116505,61,5,28,33,71,0.060241,7,83,1,75,89
8480800,26,VAN,D,Quinn Hughes,Hughes,0.071127842,33.94736842,64.05263158,24.22807018,0,68,16,60,76,168,0.083333,29,192,0,67,13
8474574,35,VAN,D,Tyler Myers,Myers,0.043435119,0.314159292,135.3053097,96.90707965,0,71,6,18,24,54,0.068966,1,87,0,125,87
8477969,29,VAN,D,Marcus Pettersson,Pettersson,0.053216754,0,145.5175439,110.5526316,0,78,4,25,29,62,0.106804,0,70,0,144,80
8477964,30,VGK,L,Ivan Barbashev,Barbashev,0.215141726,4.401709402,41.41025641,157.965812,35.82905983,70,23,28,51,125,0.207207,3,111,12,33,104
8481604,25,VGK,LR,Pavel Dorofeyev,Dorofeyev,0.141144061,10.17006803,29.0952381,21.7414966,2.31292517,82,35,17,52,139,0.137795,17,254,3,37,28
8478403,29,VGK,C,Jack Eichel,Eichel,0.117828643,23.87439614,57.14975845,35.19323671,454.6666667,77,28,66,94,216,0.120172,34,233,572,55,22
8476881,32,VGK,CL,Tomas Hertl,Hertl,0.192627854,19.47087379,54.54854369,85.44660194,641.776699,73,32,29,61,154,0.180791,23,177,536,56,99
8479353,27,VGK,CL,Brett Howden,Howden,0.137923146,0,48.48543689,105.0970874,193.9708738,80,23,17,40,103,0.184,0,125,272,56,121
8476448,32,VGK,C,William Karlsson,Karlsson,0.112872654,10.27317073,45.27317073,39.85365854,545.5804878,53,9,20,29,67,0.07563,6,119,410,37,20
8478434,28,VGK,R,Keegan Kolesar,Kolesar,0.12440934,0,40.64255319,263.6723404,6.629787234,82,12,18,30,72,0.136364,0,88,6,49,237
8478483,28,VGK,R,Mitch Marner,Marner,0.157569139,32.24347826,45.03913043,53.39130435,4.72173913,81,27,75,102,231,0.156069,33,173,10,40,49
8476438,33,VGK,L,Brandon Saad,Saad,0.179801396,4.044444444,22.33333333,17.60888889,7.875555556,72,13,17,30,73,0.208718,3,127,7,21,12
8481655,24,FLA,R,Cole Schwindt,Schwindt,0.028532609,0,15.60869565,37.86956522,100.9565217,42,1,7,8,17,0.03125,0,32,110,17,41
8476925,32,VGK,CL,Colton Sissons,Sissons,0.114404962,3.417021277,65.29787234,135.0851064,524.7148936,72,7,14,21,49,0.0875,1,80,342,67,100
8475191,34,VGK,R,Reilly Smith,Smith,0.13977703,7.991416309,33.74678112,57.31330472,4.326180258,79,13,27,40,93,0.18736,6,129,4,41,48
8475913,33,VGK,R,Mark Stone,Stone,0.143634097,17.0969697,36.36969697,32.41818182,2,66,19,48,67,153,0.145038,25,131,5,42,32
8478396,28,VGK,D,Noah Hanifin,Hanifin,0.082140137,10.32365145,118.7095436,60.73029046,0,80,10,29,39,88,0.068966,10,145,0,106,43
8481527,24,VGK,D,Kaedan Korczak,Korczak,0.010690789,0.342105263,32.71052632,49.05263158,0,40,0,10,10,20,0,0,34,0,40,59
8475188,34,VGK,D,Brayden McNabb,McNabb,0.036431333,0.333333333,190.3333333,160.3333333,0,82,5,15,20,45,0.051546,0,97,0,167,131
8477447,30,VGK,D,Shea Theodore,Theodore,0.054068101,14.63313609,82.18934911,10.0887574,0,67,7,50,57,121,0.054688,19,128,0,82,6
8480727,29,VGK,D,Zach Whitecloud,Whitecloud,0.057281933,0,101.8041237,112.5618557,0,74,4,9,13,30,0.055556,0,72,0,103,117
8480289,27,WPG,C,Morgan Barron,Barron,0.092841643,0.669642857,42.375,120.75,54.28571429,74,8,7,15,38,0.086957,0,92,85,38,122
8478398,29,WPG,L,Kyle Connor,Connor,0.139314812,25.80349345,30.45851528,26.89082969,1.641921397,82,41,56,97,235,0.153558,28,267,1,46,21
8481019,25,WPG,C,David Gustafsson,Gustafsson,0.055647446,0,19.61157025,24.82644628,102.7768595,36,2,4,6,14,0.066667,0,30,99,18,19
8480113,32,WPG,CLR,Alex Iafallo,Iafallo,0.112159825,7.632286996,55.79820628,42.44394619,9.206278027,82,15,16,31,77,0.137615,10,109,12,61,53
8481043,27,WPG,L,Cole Koepke,Koepke,0.101059515,0,20.12121212,138.1010101,0,73,10,7,17,44,0.117647,0,85,0,26,177
8476480,33,WPG,CL,Vladislav Namestnikov,Namestnikov,0.123835335,6.347639485,44.35622318,94.60944206,205.5493562,78,11,27,38,87,0.117021,11,94,365,49,84
8475799,33,WPG,LR,Nino Niederreiter,Niederreiter,0.157901781,7.4092827,38,144.257384,18,82,17,20,37,91,0.113333,11,150,20,39,152
8474679,36,WPG,LR,Gustav Nyquist,Nyquist,0.201828668,10.57819905,33.07109005,40.20379147,13.26066351,79,11,17,28,67,0.189261,3,103,11,30,44
8476871,33,WPG,L,Tanner Pearson,Pearson,0.088473986,0.835616438,37.2739726,71.69863014,5.726027397,78,12,15,27,66,0.110092,0,109,6,45,96
8482149,23,WPG,CLR,Cole Perfetti,Perfetti,0.119387353,11.10784314,31.59313725,46.33823529,22.41666667,82,18,32,50,118,0.125874,15,143,21,45,71
8476460,32,WPG,C,Mark Scheifele,Scheifele,0.194920148,21.78902954,46.23628692,62.01687764,603.1012658,82,39,48,87,213,0.21547,25,181,627,60,73
8480014,26,WPG,CR,Gabriel Vilardi,Vilardi,0.19591605,16.57458564,37.33149171,26.14364641,54.53038674,71,27,34,61,149,0.207692,25,130,75,50,21
8476331,32,WPG,D,Dylan DeMelo,DeMelo,0.046370669,0.343096234,118.125523,141.6150628,0,82,3,16,19,41,0.04,0,75,0,112,137
8477938,29,WPG,D,Haydn Fleury,Fleury,0.010434783,0,43.63043478,37.89130435,0,39,0,7,7,14,0,0,38,0,56,48
8476525,33,WPG,D,Colin Miller,Miller,0.058550832,1.324324324,55.30810811,95.98918919,0,60,4,11,15,34,0.058824,2,68,0,50,84
8477504,30,WPG,D,Josh Morrissey,Morrissey,0.074895456,22.94142259,111.5690377,75.94979079,0,80,14,48,62,138,0.081395,22,172,0,113,49
8480145,30,WPG,D,Neal Pionk,Pionk,0.060912914,7.424892704,116.8369099,171.0128755,0,69,10,29,39,88,0.081301,12,123,0,101,114
8480049,26,WPG,D,Dylan Samberg,Samberg,0.03668594,0.686567164,108.0447761,70.46268657,0,60,6,14,20,46,0.063158,1,95,0,120,56
8474568,36,WPG,D,Luke Schenn,Schenn,0.049771388,0,93.55023923,276.4880383,0,76,1,6,7,15,0.015152,0,77,0,104,300
8479378,27,WPG,D,Logan Stanley,Stanley,0.036215421,0,57.64485981,70.14018692,0,63,1,13,14,29,0.020408,0,49,0,76,88
8478463,28,WSH,L,Anthony Beauvillier,Beauvillier,0.184116883,2.910313901,33.52466368,93.43049327,15.86098655,81,15,10,25,65,0.177299,1,149,11,36,139
8475343,35,WSH,C,Nic Dowd,Dowd,0.187526118,0,72.49763033,127.4312796,514.5450237,82,14,13,27,68,0.162791,0,86,596,82,128
8479400,27,WSH,CL,Pierre-Luc Dubois,Dubois,0.12721603,14.69620253,48.72995781,77.57383966,500.6455696,82,20,46,66,152,0.140845,14,142,577,62,65
8479520,28,WSH,R,Brandon Duhaime,Duhaime,0.106424263,0,43.23004695,176.600939,9.389671362,82,9,12,21,51,0.108434,0,83,18,65,165
8481580,24,WSH,L,Connor McMichael,McMichael,0.135189679,7.738095238,36.25,40.53571429,201.1547619,82,26,31,57,140,0.146893,10,177,51,36,39
8471214,40,WSH,LR,Alex Ovechkin,Ovechkin,0.145160276,25.19354839,21.46082949,155.1705069,1.34562212,65,44,29,73,190,0.185654,22,237,0,13,110
8481656,24,WSH,LR,Aliaksei Protas,Protas,0.108458151,0.358490566,33.96226415,30.3490566,23.3490566,76,30,36,66,162,0.211268,1,142,6,33,20
8478440,28,WSH,C,Dylan Strome,Strome,0.167990771,25.68571429,52.70612245,18.32653061,639.1183673,82,29,53,82,193,0.194631,34,149,691,54,23
8476880,31,WSH,R,Tom Wilson,Wilson,0.153882622,12.13829787,64.98404255,207.1595745,11.69148936,81,33,32,65,163,0.195266,17,169,5,71,233
8474590,35,WSH,D,John Carlson,Carlson,0.049390925,16.45771144,147.9452736,55.76616915,0,79,5,46,51,107,0.02994,14,167,0,131,49
8480990,25,WSH,D,Declan Chisholm,Chisholm,0.052783134,2.958762887,59.09278351,26.28865979,0,66,2,10,12,26,0.028986,2,69,0,69,33
8479345,27,WSH,D,Jakob Chychrun,Chychrun,0.098249951,13.75490196,112.9901961,63.28431373,0,74,20,27,47,114,0.111732,15,179,0,87,59
8480796,26,WSH,D,Martin Fehervary,Fehervary,0.060711995,0,130.4672897,178.5327103,0,81,5,20,25,55,0.065789,0,76,0,150,139
8478911,30,WSH,D,Matt Roy,Roy,0.047116194,0.349137931,156.4655172,129.0344828,0,69,3,21,24,51,0.035714,0,84,0,113,114
8480873,25,WSH,D,Rasmus Sandin,Sandin,0.094773281,6.92760181,105.8325792,100.5339367,0,82,4,26,30,64,0.051282,5,78,0,122,91
8477845,34,WSH,D,Trevor van Riemsdyk,van Riemsdyk,0.02835848,0.330396476,139.1718062,17.64317181,0,82,1,20,21,43,0.0125,0,80,0,151,10
